Reporting Year,Building ID,Building Status,Property Address Street*,Property Address City*,Property Address Postal Code*, Assessor Gross Floor Area* , Reported Gross Floor Area** ,Primary Property Type**,Energy Star Certification - Years Certified**,Energy Star Certification Recent**,Energy Star Score**,Site EUI**,Source EUI**,Weather Normalized Site EUI**,Weather Normalized Source EUI**,Total GHG Emissions**, Electricity Use Grid Purchase and Onsite (KWh)** , Electricity Use Grid Purchase (KWh)** , Natural Gas Use (kBtu)** , Natural Gas Use (therms)** ,District Chilled Water Use**,District Hot Water Use**,District Steam Use**,Indoor Water Use All Water Sources**,Indoor Water Intensity All Water Sources**,Outdoor Water Use All Water Sources**,Water Use**,Water Score**
2023,M10006,in compliance,1 Se 3 Ave,Miami,33131,"770,195","482,206",Office,"2022, 2021, 2020, 2019, 2018, 2017, 2016, 2015, 2014, 2013, 2012, 2010, 2009",2022,81,38.2,107.1,37.9,106.2,2054.5,"5,403,834","5,403,833", -   , -   ,0,0,0,0,0,0,9892.4,0
2023,M10008,in compliance,10 Sw South River Dr,Miami,33130,"774,300","185,814",Multifamily Housing,0,0,69,45.9,128.6,44.8,125.4,950.6,"2,500,309","2,500,309", -   , -   ,0,0,0,0,0,0,0,0
2023,M10010,in compliance,100 Se 2 St,Miami,33131,"610,395","664,078",Office,0,0,71,40.1,112.4,39.4,110.2,2969.8,"7,811,194","7,811,193",100,1,0,0,0,0,0,0,9359.5,0
2023,M10013,in compliance,1000 Nw 42 Ave,Miami,33126,"108,187","108,187",Hotel,0,0,66,69.8,163.3,68.2,158.8,725.3,"1,630,765","1,630,765","1,982,766","19,828",0,0,0,0,0,0,3558,0
2023,M10015,in compliance,1001 Brickell Bay Dr,Miami,33131,"517,450","287,927",Office,0,0,83,41.4,115.9,40.9,114.5,1327.7,"3,492,012","3,492,012", -   , -   ,0,0,0,2484.2,8.6,0,2484.2,0
2023,M10016,in compliance,1001 Nw 54 St,Miami,33127,"104,989","104,989",Multifamily Housing,0,0,91,32.3,90.6,31.9,89.4,378.4,"995,303","995,303", -   , -   ,0,0,0,0,0,0,4877.6,32
2023,M10019,in compliance,1010 S Miami Ave,Miami,33130,"1,160,232","474,430",Multifamily Housing,0,0,94,30,83.5,30.7,85.5,1578.2,"4,131,403","4,131,403","141,077","1,411",0,0,0,0,0,0,21753.5,27
2023,M10020,in compliance,1011 Nw Sunnybrook Rd,Miami,33136,"132,408","132,408",Other,0,0,0,25.5,71.3,24.2,67.8,374.7,"987,873","987,873", -   , -   ,0,0,0,0,0,0,246.4,0
2023,M10022,in compliance,1040 Biscayne Blvd,Miami,33132,"1,160,553","354,976",Multifamily Housing,0,0,32,55,148,54.5,145.9,2105,"5,365,087","5,365,086","1,227,349","12,274",0,0,0,15709.5,44.3,0,15709.5,19
2023,M10027,in compliance,110 Sw 10 St,Miami,33130,"159,708","145,704",Multifamily Housing,0,0,90,29.5,82.7,29.5,82.7,478.6,"1,261,680","1,261,680", -   , -   ,0,0,0,0,0,0,5832.9,30
2023,M10028,in compliance,1100 Ne 79 St,Miami,33138,"112,599","112,599",Self-Storage Facility,0,0,0,7.8,21.9,7.5,20.9,98.1,"258,043","258,043", -   , -   ,0,0,0,6,0.1,0,6,0
2023,M10030,in compliance,1101 Biscayne Blvd,Miami,33132,"310,046","275,000",Museum,0,0,0,99.5,273.6,97.8,268.7,3003.4,"7,788,438","7,788,437","794,877","7,949",0,0,0,11566.8,42.1,374.2,11941,0
2023,M10032,in compliance,1103 Biscayne Blvd,Miami,33132,"243,072","120,000",Museum,0,0,0,243.1,460.1,242.7,458.9,2368.5,"4,115,280","4,115,280","15,135,400","151,354",0,0,0,0,0,0,1116.8,0
2023,M10036,in compliance,111 Ne 2 Ave,Miami,33132,"242,294","82,261",Multifamily Housing,0,0,54,53.9,151,52.4,146.8,493.3,"1,300,502","1,300,502", -   , -   ,0,0,0,0,0,0,5422.7,37
2023,M10037,in compliance,1110 Brickell Ave,Miami,33131,"95,886","91,721",Office,0,0,25,89.7,251,88.9,249,916.4,"2,409,600","2,409,600","5,033",50,0,0,0,0,0,0,3724.3,0
2023,M10039,in compliance,1111 Brickell Bay Dr,Miami,33131,"634,081","448,928",Multifamily Housing,0,0,68,44.5,115.3,44.5,114.6,2086.9,"5,154,280","5,154,279","2,395,799","23,958",0,0,0,0,0,0,32682.6,7
2023,M10040,in compliance,1111 Parrot Jungle Trl,Miami,33132,"1,654,863","200,000",Other - Recreation,0,0,0,30.2,84.7,30.2,84.7,674.1,"1,773,095","1,773,095", -   , -   ,0,0,0,945.3,4.7,0,945.3,0
2023,M10048,in compliance,1155 Brickell Bay Dr.,Miami,33131,"1,857,478","435,088",Multifamily Housing,0,0,76,46.5,124.8,46.3,123.7,2176.7,"5,538,442","5,538,441","1,337,201","13,372",0,0,0,0,0,0,25571.9,27
2023,M10055,in compliance,1201 Nw 42 Ave,Miami,33126,"252,404","226,681",Hotel,0,0,10,130.2,311.8,129.7,309.2,2890.5,"6,646,286","6,646,285","6,846,000","68,460",0,0,0,19542,86.2,0,19542,0
2023,M10056,in compliance,1201 Nw 42 Ave,Miami,33126,"116,339","103,100",Hotel,0,0,63,61,155,59.9,151.9,646.5,"1,571,006","1,571,006","926,100","9,261",0,0,0,3095,30,0,3095,0
2023,M10057,in compliance,1201 Nw 42 Ave,Miami,33126,"176,023","172,263",Hotel,0,0,88,49.7,115.5,49.7,115.5,818.2,"1,824,894","1,824,894","2,342,000","23,420",0,0,0,4479,26,0,4479,0
2023,M10059,in compliance,1221 Brickell Ave,Miami,33131,"656,821","417,577",Office,"2022, 2021, 2020, 2018, 2017, 2016, 2015, 2014, 2013, 2012, 2011, 2009",2022,74,50.5,141.4,49.4,138.3,8624.6,"6,180,003","6,180,002", -   , -   ,0,0,0,9332.4,22.4,0,9332.4,0
2023,M10064,in compliance,1300 Brickell Bay Dr,Miami,33131,"750,122","750,122",Multifamily Housing,0,0,71,41.6,105.5,41.3,104.1,3201.5,"7,759,924","7,759,923","4,729,920","47,299",0,0,0,0,0,0,20495.9,38
2023,M10067,in compliance,1311 Nw 10 Ave,Miami,33136,"152,410","152,410",Hotel,0,0,82,60,140.7,59.7,139,878.7,"1,984,270","1,984,270","2,371,321","23,713",0,0,0,3580.2,23.5,0,3580.2,0
2023,M10069,in compliance,1331 Brickell Bay Dr,Miami,33131,"3,238,436","793,758",Multifamily Housing,0,0,59,40.8,109.7,40.4,108.3,3481.7,"8,895,399","8,895,398","2,020,358","20,204",0,0,0,0,0,0,20839.5,12
2023,M10081,in compliance,1401 Brickell Ave,Miami,33131,"236,877","236,877",Office,0,0,53,65.8,184.1,65.8,184.1,1735.9,"4,565,073","4,565,073","6,053",61,0,0,0,0,0,6585.4,6585.4,0
2023,M10089,in compliance,1415 Nw 15 Ave,Miami,33125,"214,935","115,670",Other - Lodging/Residential,0,0,0,48.7,136.4,47.5,133.1,627.9,"1,651,580","1,651,580", -   , -   ,0,0,0,0,0,0,5841.9,0
2023,M10096,in compliance,1444 Nw 14 Ave,Miami,33125,"377,438","301,562",Multifamily Housing,0,0,99,24.9,69.8,24.6,68.9,837.3,"2,202,375","2,202,375", -   , -   ,0,0,0,0,0,0,8029.2,79
2023,M10098,in compliance,1450 Brickell Bay Dr,Miami,33131,"403,585","216,950",Multifamily Housing,0,0,29,53.7,147.9,52.8,144.8,1280.1,"3,322,490","3,322,490","319,058","3,191",0,0,0,0,0,0,8328,39
2023,M10102,in compliance,150 Ne 79 St,Miami,33138,"251,004","132,426",Multifamily Housing,0,0,40,58.9,164.9,58.4,163.6,869.3,"2,286,419","2,286,419", -   , -   ,0,0,0,0,0,0,9974.8,36
2023,M10113,in compliance,1581 Brickell Ave,Miami,33129,"1,599,938","430,407",Multifamily Housing,0,0,46,46.9,126.1,46.2,124,2170.3,"5,544,211","5,544,211","1,264,865","12,649",0,0,0,0,0,0,3161.2,99
2023,M10117,in compliance,1627 Brickell Ave,Miami,33129,"633,777","516,096",Multifamily Housing,0,0,78,27.9,78.1,27.5,76.9,1604.4,"4,220,002","4,220,002", -   , -   ,0,0,0,0,0,0,14830.2,1
2023,M10119,in compliance,1629 Nw 14 St,Miami,33125,"105,005","108,887",Multifamily Housing,0,0,84,41.7,116.5,0,0,504,"1,326,932","1,326,932", -   , -   ,0,0,0,0,0,0,8121.5,26
2023,M10129,in compliance,1723 Sw 2 Ave,Miami,33129,"210,392","86,855",Multifamily Housing,0,0,65,47.7,133.5,47.2,132.2,461.5,"1,213,846","1,213,846", -   , -   ,0,0,0,0,0,0,4167.1,51
2023,M10130,in compliance,1749 Ne Miami Ct,Miami,33132,"299,736","139,800",Multifamily Housing,0,0,86,31.1,87.2,30.4,85.1,484,"1,275,828","1,275,828", -   , -   ,0,0,0,0,0,0,3154.3,7
2023,M10136,in compliance,1750 Sw 1 Ave,Miami,33129,"115,340","115,340",Hotel,0,0,93,45.2,109.6,44.8,108.4,515.7,"1,200,146","1,200,146","1,118,579","11,186",0,0,0,0,0,0,3008.9,0
2023,M10137,in compliance,1756 N Bayshore Dr,Miami,33132,"737,810","450,179",Multifamily Housing,0,0,48,49.3,133.9,49.1,132.8,2411.4,"6,191,443","6,191,442","1,080,915","10,809",0,0,0,0,0,0,26222.3,15
2023,M10144,in compliance,1800 Sw 1 Ave,Miami,33129,"450,342","233,088",Other - Lodging/Residential,0,0,0,34.5,96.6,34.5,96.6,895.6,"2,355,647","2,355,647", -   , -   ,0,0,0,0,0,0,11348.7,0
2023,M10159,in compliance,1915 Brickell Ave,Miami,33129,"1,192,145","811,625",Multifamily Housing,0,0,94,31.2,84.5,30.5,82.4,2744.9,"7,045,282","7,045,281","1,247,619","12,476",0,0,0,34149.2,42.1,0,34149.2,24
2023,M10161,in compliance,1951 Nw 7 Ave,Miami,33136,"291,755","267,298",Medical Office,0,0,51,153.7,423.3,153.7,423.3,4515.3,"11,728,730","11,728,731","1,055,441","10,554",0,0,0,17357.5,64.9,0,17357.5,0
2023,M10164,in compliance,200 S Biscayne Blvd,Miami,33131,"2,039,308","1,358,268",Financial Office,"2022, 2021, 2020, 2019, 2018, 2017, 2016, 2015, 2014, 2013, 2011, 2010, 2009, 2008, 2007, 2006, 2005, 2004, 2003",2022,75,44.5,124.7,43.8,122.6,6742.5,"17,734,170","17,734,168", -   , -   ,0,0,0,16164.5,11.9,744.1,16908.6,0
2023,M10166,in compliance,200 Se 2 Ave,Miami,33131,"290,745","290,745",Hotel,0,0,86,39,90.3,38.3,88.5,1080.4,"2,406,288","2,406,287","3,115,921","31,159",0,0,0,0,0,0,11983.2,0
2023,M10170,in compliance,2020 N Bayshore Dr,Miami,33137,"3,714,957","1,024,305",Multifamily Housing,0,0,89,38.2,94.5,38,93.6,3933.8,"9,339,222","9,339,220","7,212,743","72,127",0,0,0,0,0,0,20158.5,94
2023,M10178,in compliance,2101 Brickell Ave,Miami,33129,"635,950","600,000",Multifamily Housing,0,0,88,31,86.8,30.6,85.7,2073.5,"5,453,869","5,453,868", -   , -   ,0,0,0,0,0,0,450.3,100
2023,M10180,in compliance,2121 N Bayshore Dr,Miami,33137,"373,660","248,557",Multifamily Housing,0,0,87,42.1,105.3,42.1,104.8,1062.1,"2,546,321","2,546,321","1,769,286","17,693",0,0,0,0,0,0,10.6,100
2023,M10182,in compliance,2127 Brickell Ave,Miami,33129,"772,622","455,524",Multifamily Housing,0,0,77,43.3,121.2,43.3,121.2,2192,"5,778,440","5,778,439", -   , -   ,0,0,0,0,0,0,10686.7,94
2023,M10183,in compliance,2140 Nw 12 Ave,Miami,33142,"195,356","125,376",Refrigerated Warehouse,0,0,0,56.7,158.7,55.6,155.6,789.9,"2,082,181","2,082,181", -   , -   ,0,0,0,0,0,0,1689.2,0
2023,M10186,in compliance,218 Nw 8 St,Miami,33136,"369,564","516,808",Multifamily Housing,0,0,82,33,92.5,32.2,90.1,1897.5,"5,002,035","5,002,034", -   , -   ,0,0,0,0,0,0,9931.2,83
2023,M10195,in compliance,222 Ne 25 St,Miami,33137,"180,646","180,646",Other - Lodging/Residential,0,0,0,27.5,77.1,26.7,74.7,554.1,"1,457,404","1,457,404", -   , -   ,0,0,0,0,0,0,7157,0
2023,M10199,in compliance,2263 Sw 37 Ave,Miami,33145,"207,265","201,775",Multifamily Housing,0,0,95,40.1,112.4,40.1,112.4,902.4,"2,373,494","2,373,494", -   , -   ,0,0,0,0,0,0,7420.2,74
2023,M10218,in compliance,244 Nw 72 Ter,Miami,33150,"135,938","135,938",Multifamily Housing,0,0,77,40.9,114.5,40.9,114.5,619.4,"1,629,126","1,629,126", -   , -   ,0,0,0,0,0,0,6915.4,51
2023,M10220,in compliance,2475 Brickell Ave,Miami,33129,"1,007,453","222,035",Multifamily Housing,0,0,18,56.5,158.1,55.5,155.4,1394.3,"3,675,489","3,675,489", -   , -   ,0,0,0,0,0,0,10467.8,10
2023,M10223,in compliance,250 Ne 25 St,Miami,33137,"414,493","227,518",Other - Lodging/Residential,0,0,0,49,137.3,47.4,132.8,1243,"3,269,466","3,269,466", -   , -   ,0,0,0,0,0,0,18743.4,0
2023,M10227,in compliance,2507 Nw 16 Street Rd,Miami,33125,"137,481","137,481",Multifamily Housing,0,0,43,53.8,150.5,52.7,147.6,823.5,"2,166,000","2,166,000", -   , -   ,0,0,0,15990,116.3,0,15990,6
2023,M10228,in compliance,2525 Sw 3 Ave,Miami,33129,"465,774","465,774",Other - Lodging/Residential,0,0,0,16.1,44.2,15.8,43.3,821.1,"2,126,577","2,126,577","237,490","2,375",0,0,0,326.8,0.7,0,6677.2,0
2023,M10230,in compliance,255 Ne 1 St,Miami,33132,"257,712","257,712",Parking,0,0,0,3.5,9.7,3.5,9.7,99.7,"262,727","262,727", -   , -   ,0,0,0,0,0,0,82.5,0
2023,M10231,in compliance,100 Chopin Plaza,Miami,33131,"465,000","995,000",Hotel,0,0,47,89.7,184.8,90.2,183.2,7743.2,"15,098,040","15,098,035","37,711,023","377,110",0,0,0,0,0,0,53315.1,0
2023,M10236,in compliance,2601 S Bayshore Dr,Miami,33133,"2,323,805","304,740",Office,2018,2018,81,58,162.4,57.2,160,1969.6,"5,180,351","5,180,350", -   , -   ,0,0,0,8874461.3,29121.4,829366.1,9703827.3,0
2023,M10240,in compliance,2627 S. Bayshore Dr.,Miami,33133,"881,103","411,696",Multifamily Housing,0,0,37,58.8,153.7,59.5,154.8,2547.1,"6,343,602","6,343,601","2,547,708","25,477",0,0,0,0,0,0,16719.3,49
2023,M10243,in compliance,2649 S Bayshore Dr,Miami,33133,"212,955","212,955",Hotel,0,0,76,61,151.3,60.3,148.7,1309,"3,111,673","3,111,672","2,371,321","23,713",0,0,0,0,0,0,3580.2,0
2023,M10245,in compliance,2660 Sw 37 Ave,Miami,33134,"135,226","131,041",Multifamily Housing,0,0,86,30.4,85.2,30.1,84.2,444.4,"1,168,772","1,168,772", -   , -   ,0,0,0,0,0,0,3937.3,47
2023,M10255,in compliance,2700 N. Miami Ave.,Miami,33127,"249,614","94,000",Multifamily Housing,0,0,11,58.8,161.9,56.8,156.4,607.1,"1,577,073","1,577,072","141,830","1,418",0,0,0,0,0,0,5428.6,25
2023,M10256,in compliance,2700 Sw 23 Ter,Miami,33145,"204,628","204,628",Multifamily Housing,0,0,83,31.5,88.1,31.2,87.3,717.3,"1,886,630","1,886,630", -   , -   ,0,0,0,0,0,0,5054.5,46
2023,M10263,in compliance,2800 Biscayne Blvd,Miami,33137,"102,978","102,978",Mixed Use Property,0,0,76,44.7,125.2,43.4,121.6,513.2,"1,349,915","1,349,915", -   , -   ,0,0,0,0,0,0,1390.3,0
2023,M10264,in compliance,2801 Florida Ave,Miami,33133,"186,896","129,292",Multifamily Housing,0,0,99,24.6,68.8,23.8,66.5,353.1,"930,816","930,816", -   , -   ,0,0,0,0,0,517.5,517.5,100
2023,M10270,in compliance,2900 Sw 28 Ln,Miami,33133,"234,365","234,365",Multifamily Housing,0,0,84,31.4,87.8,31.4,87.8,818.9,"2,153,888","2,153,887", -   , -   ,0,0,0,0,0,0,129621.6,1
2023,M10277,in compliance,300 S. Biscayne Blvd,Miami,33131,"2,094,580","587,245",Multifamily Housing,0,0,44,52.6,147.3,51.2,143.4,3443.1,"9,056,210","9,056,209", -   , -   ,0,0,0,0,0,0,21637.4,41
2023,M10280,in compliance,3000 Sw 3 Ave,Miami,33129,"209,201","209,201",Multifamily Housing,0,0,89,31,86.7,30,84,722,"1,898,887","1,898,887", -   , -   ,0,0,0,0,0,0,5356.5,69
2023,M10282,in compliance,3031 Nw 19 Ave,Miami,33142,"113,440","113,440",Multifamily Housing,0,0,92,34.5,96.6,34.1,95.5,436.2,"1,147,303","1,147,303", -   , -   ,0,0,0,5787.3,51,0,5787.3,38
2023,M10299,in compliance,3232 Coral Way,Miami,33145,"312,426","100,539",Multifamily Housing,0,0,0,121.9,282,121.9,282,1235.5,"2,593,272","2,593,272","3,409,967","34,100",0,0,0,0,0,0,282852.6,0
2023,M10302,in compliance,3250 Ne 1 Ave,Miami,33137,"192,793","341,495",Multifamily Housing,0,0,8,65.6,180.7,63.9,175.7,2462.2,"6,395,521","6,395,520","576,820","5,768",0,0,0,0,0,0,27470.3,1
2023,M10304,in compliance,3260 Sw 8 St,Miami,33135,"571,872","571,872",Other,0,0,0,3.6,10,3.5,9.8,226.9,"596,729","596,729", -   , -   ,0,0,0,0,0,0,656.8,0
2023,M10307,in compliance,3301 Ne 1 Ave,Miami,33137,"1,179,690","609,562",Multifamily Housing,0,0,47,58,157.4,57,154,3838.7,"9,855,925","9,855,924","1,722,533","17,225",0,0,0,0,0,0,13671,91
2023,M10311,in compliance,333 Ne 24 St,Miami,33137,"738,020","150,626",Multifamily Housing,0,0,8,79.4,215.6,78.7,212.4,1298.8,"3,334,610","3,334,610","582,831","5,828",0,0,0,0,0,0,10744.9,6
2023,M10315,in compliance,3380 Nw 17 Ave,Miami,33142,"158,664","158,664",Multifamily Housing,0,0,100,21.2,59.5,20.9,58.6,375.6,"987,813","987,813", -   , -   ,0,0,0,0,0,0,4728.6,47
2023,M10316,in compliance,340 Biscayne Blvd,Miami,33132,"127,739","127,739",Hotel,0,0,22,131,248.9,129.7,245.4,1360.7,"2,382,625","2,382,625","8,602,017","86,020",0,0,0,807590.6,6322.2,0,807590.6,0
2023,M10318,in compliance,3401 N Miami Ave,Miami,33127,"763,761","763,761",Lifestyle Center,0,0,0,547.3,1532,544.3,1523.4,46566.3,"122,448,300","122,448,264","223,520","2,235",0,0,0,0,0,0,3569.7,0
2023,M10322,in compliance,350 S. Miami Ave,Miami,33130,"739,484","739,484",Multifamily Housing,0,0,75,36.9,100.2,36.3,97.9,2962.8,"7,608,594","7,608,593","1,318,157","13,182",0,0,0,0,0,0,40714.3,29
2023,M10325,in compliance,3500 Nw 37 Ave,Miami,33142,"224,313","223,955",Casino,0,0,0,117.6,320.3,114.6,311.8,2868.2,"7,382,523","7,382,522","1,155,151","11,552",0,0,0,864.9,3.9,0,864.9,0
2023,M10345,in compliance,3760 Bird Rd,Miami,33146,"334,370","434,220",Multifamily Housing,0,0,99,24.3,68,23.8,66.7,1175.7,"3,092,470","3,092,470", -   , -   ,0,0,0,0,0,0,7323.8,0
2023,M10346,in compliance,3780 Nw 22 Ave,Miami,33142,"106,046","101,127",Multifamily Housing,0,0,94,31.4,87.8,30.9,86.6,353.5,"929,868","929,868", -   , -   ,0,0,0,0,0,0,3592.3,0
2023,M10351,in compliance,40 Nw 3 St,Miami,33128,"332,452","40,300",Parking,0,0,0,130.2,364.5,122.4,342.7,583.2,"1,537,431","1,537,431", -   , -   ,0,0,0,0,0,0,933.8,0
2023,M10354,in compliance,400 Nw 2 Ave,Miami,33128,"132,610","132,610",Police Station,0,0,0,121.4,340,120.2,336.6,1794.5,"4,719,971","4,719,970", -   , -   ,0,0,0,0,0,0,1262.2,0
2023,M10356,in compliance,400 Nw 2 Ave,Miami,33128,"126,946","126,946",Police Station,0,0,0,82.1,229.7,80.8,226.2,1160.7,"3,052,783","3,052,782", -   , -   ,0,0,0,0,0,0,7372.1,0
2023,M10357,in compliance,400 Se 2 Ave,Miami,33131,"296,816","23,619",Performing Arts,0,0,0,871.6,2440.6,839.9,2351.8,2288.9,"6,033,844","6,033,844", -   , -   ,0,0,0,0,0,0,75740.8,0
2023,M10368,in compliance,423 Ne 23 St,Miami,33137,"105,132","105,132",Multifamily Housing,0,0,98,21.8,61.1,22.1,62,255.8,"672,681","672,681", -   , -   ,0,0,0,0,0,0,1691.9,55
2023,M10369,in compliance,425 Ne 22 St,Miami,33137,"556,956","541,558",Other - Lodging/Residential,0,0,0,28.3,79.3,27.5,77,1708.4,"4,493,582","4,493,582", -   , -   ,0,0,0,0,0,0,13572.5,0
2023,M10370,in compliance,4400 Biscayne Blvd,Miami,33137,"260,820","144,348",Other,0,0,0,77.3,216.3,77.3,216.3,1240,"3,268,746","3,268,745", -   , -   ,0,0,0,3199.9,22.2,169,3369,0
2023,M10373,in compliance,444 Sw 2 Ave,Miami,33130,"205,383","205,383",Office,0,0,49,71.1,199.1,69.7,195.1,1627.4,"4,280,463","4,280,463", -   , -   ,0,0,0,0,0,0,4207.8,0
2023,M10375,in compliance,445 Nw 4 St,Miami,33128,"264,180","264,180",Multifamily Housing,0,0,92,32.1,89.9,31.4,88,945,"2,485,598","2,485,598", -   , -   ,0,0,0,0,0,0,14082,27
2023,M10380,in compliance,450 Nw 37 Ave,Miami,33125,"300,303","300,303",Casino,0,0,0,101.6,274,99.8,268.8,3310.1,"8,424,117","8,424,116", -   , -   ,0,0,0,0,0,0,5276.7,0
2023,M10381,in compliance,4500 Biscayne Blvd,Miami,33137,"123,632","145,031",Office,0,0,91,25.6,71.7,24.9,69.7,413.2,"1,089,171","1,089,171", -   , -   ,0,0,0,393,2.7,0,393,0
2023,M10387,in compliance,4770 Biscayne Blvd,Miami,33137,"226,098","147,804",Office,0,0,52,62,173.7,59.5,166.7,1019.5,"2,687,686","2,687,686", -   , -   ,0,0,0,0,0,0,358650.4,0
2023,M10388,in compliance,479 Ne 30 St,Miami,33137,"133,241","133,241",Multifamily Housing,0,0,90,30.8,86.2,30.2,84.4,457,"1,201,950","1,201,950", -   , -   ,0,0,0,0,0,0,4380.2,44
2023,M10389,in compliance,480 Ne 30 St,Miami,33137,"543,622","253,677",Multifamily Housing,0,0,92,27.6,77.4,27.2,76.1,781.5,"2,055,604","2,055,604", -   , -   ,0,0,0,0,0,0,9622.4,12
2023,M10391,in compliance,490 Nw 36 St,Miami,33127,"112,819","112,819",Self-Storage Facility,0,0,0,6.6,18.5,6.3,17.6,82.9,"218,169","218,169", -   , -   ,0,0,0,12,0.1,0,12,0
2023,M10396,in compliance,50 Biscayne Blvd,Miami,33132,"2,539,933","895,031",Multifamily Housing,0,0,89,46.3,100.6,46.3,100.6,3750.4,"7,790,608","7,790,607","14,844,935","148,449",0,0,0,0,0,0,31676.5,40
2023,M10399,in compliance,50 Sw 12 St,Miami,33130,"261,512","113,160",Hotel,0,0,19,106.2,256.4,106.2,256.4,1184.6,"2,746,559","2,746,558","2,643,300","26,433",0,0,0,0,0,0,5779.4,0
2023,M10426,in compliance,555 Ne 34 St,Miami,33137,"833,802","369,845",Multifamily Housing,0,0,100,12.6,35,12.6,35,515.5,"1,350,051","1,350,051","42,301",423,0,0,0,0,0,0,9322,0
2023,M10427,in compliance,556 W Flagler St,Miami,33130,"163,455","163,455",Multifamily Housing,0,0,98,26.8,74.9,26,72.8,487.3,"1,281,577","1,281,577", -   , -   ,0,0,0,0,0,0,5490.2,66
2023,M10440,in compliance,60 Sw 13 St,Miami,33130,"2,365,360","657,110",Multifamily Housing,0,0,20,62.1,160.1,61.1,156.7,4246.5,"10,440,950","10,440,945","5,213,767","52,138",0,0,0,0,0,0,44210.5,2
2023,M10441,in compliance,600 Brickell Ave,Miami,33131,"1,346,294","719,266",Office,"2023, 2022, 2017, 2015",2023,82,62.5,175.1,61.9,173.3,5013.2,"13,185,800","13,185,799", -   , -   ,0,0,0,0,0,0,11721.2,0
2023,M10444,in compliance,600 Nw 6 St,Miami,33136,"135,393","256,945",Multifamily Housing,0,0,77,35.3,98.8,34.7,97.2,1010.3,"2,657,329","2,657,329", -   , -   ,0,0,0,0,0,0,14840.7,25
2023,M10448,in compliance,601 Sw 8 Ave,Miami,33130,"147,450","150,000",Other - Education,0,0,0,35.8,100,35.5,99.2,597.5,"1,568,580","1,568,580","20,725",207,0,0,0,823.5,5.5,0,1291.8,0
2023,M10450,in compliance,615 Ne 22 St,Miami,33137,"114,785","144,918",Other - Lodging/Residential,0,0,0,31.2,87.4,30.9,86.5,503.8,"1,325,066","1,325,066", -   , -   ,0,0,0,0,0,0,5670.6,0
2023,M10455,in compliance,645 Nw 1 St,Miami,33128,"158,619","153,321",Multifamily Housing,0,0,97,26,72.8,25.3,70.9,443.1,"1,168,063","1,168,063", -   , -   ,0,0,0,0,0,0,3941.8,59
2023,M10457,in compliance,670 Nw 6 St,Miami,33136,"171,447","171,447",Multifamily Housing,0,0,86,32,89.6,31.3,87.6,611,"1,607,184","1,607,184", -   , -   ,0,0,0,0,0,0,7952.1,44
2023,M10463,in compliance,701 Brickell Ave,Miami,33131,"1,110,657","739,974",Office,"2023, 2021, 2020, 2018, 2017, 2016, 2015, 2014, 2013, 2012, 2011, 2010, 2009, 2006",2023,76,54.3,152,53.6,150.1,4476.6,"11,774,500","11,774,501", -   , -   ,0,0,0,17575,23.8,3807.4,38014.2,0
2023,M10485,in compliance,800 Brickell Ave,Miami,33131,"419,174","221,897",Office,0,0,87,44.6,125,44.1,123.4,1103.8,"2,903,225","2,903,225", -   , -   ,0,0,0,6878.4,31,0,6878.4,0
2023,M10486,in compliance,800 Claughton Island Dr.,Miami,33131,"295,591","230,913",Multifamily Housing,0,0,83,36.7,101.2,36.7,100.8,930.3,"2,422,078","2,422,078","217,473","2,175",0,0,0,0,0,0,8570.6,63
2023,M10487,in compliance,800 N. Miami Ave,Miami,33136,"241,050","241,050",Multifamily Housing,0,0,97,28.9,80.9,28.5,79.9,775.7,"2,040,315","2,040,315", -   , -   ,0,0,0,0,0,0,15434.9,15
2023,M10488,in compliance,800 N. Miami Ave,Miami,33136,"214,926","214,926",Multifamily Housing,0,0,97,32.4,90.7,32,89.6,774,"2,040,315","2,040,315", -   , -   ,0,0,0,0,0,0,10614.1,42
2023,M10503,in compliance,848 Brickell Ave,Miami,33131,"197,951","197,951",Office,0,0,82,40.7,113.8,40.7,113.8,896.8,"2,358,764","2,358,764", -   , -   ,0,0,0,2419.4,12.2,70.7,2490,0
2023,M10509,in compliance,900 Biscayne Blvd,Miami,33132,"3,461,417","1,549,927",Multifamily Housing,0,0,59,31.6,88.5,31,86.8,5461.1,"14,361,560","14,361,556","16,227",162,0,0,0,0,0,0,61889.7,1
2023,M10510,in compliance,900 Brickell Key Dr.,Miami,33131,"843,405","400,413",Multifamily Housing,0,0,60,51.3,136.5,51.2,135.8,2189,"5,545,247","5,545,246","1,608,513","16,085",0,0,0,0,0,0,9313.1,93
2023,M10519,in compliance,92 Sw 3 St,Miami,33130,"940,544","779,066",Multifamily Housing,0,0,29,54.4,138.5,53.7,136.1,4353.4,"10,619,980","10,619,982","6,115,737","61,157",0,0,0,0,0,0,50572.3,1
2023,M10521,in compliance,950 Nw 42 Ave,Miami,33126,"174,596","127,000",Hotel,0,0,21,128.8,288.9,127.5,285,1516.2,"3,266,411","3,266,411","5,217,352","52,174",0,0,0,1390443,10948.4,0,1390443,0
2023,M10523,in compliance,955 Sw 2 Ave,Miami,33130,"100,169","143,411",Multifamily Housing,0,0,98,25.4,71.3,24.8,69.3,405.7,"1,069,614","1,069,613", -   , -   ,0,0,0,0,0,0,8962,5
2023,M10537,in compliance,1000 Biscayne Blvd,Miami,33132,"962,270","950,484",Other - Lodging/Residential,0,0,0,23.4,63.4,23,62.3,2412,"6,190,869","6,190,868","1,097,410","10,974",0,0,0,0,0,0,15416.6,0
2023,M10540,in compliance,1001 Nw 7 St,Miami,33136,"295,408","516,260",Multifamily Housing,0,0,96,26.3,73.6,26,72.9,1509.1,"3,978,297","3,978,297", -   , -   ,0,0,0,0,0,0,12089.5,76
2023,M10550,in compliance,1109 Sw 4 Av,Miami,33130,"110,353","110,000",Other - Education,0,0,0,45.1,121.7,43.8,118.2,534.7,"1,369,934","1,369,934","283,260","2,833",0,0,0,595.9,5.4,214.6,810.6,0
2023,M10555,in compliance,120 Nw 27 Av,Miami,33125,"128,970","128,970",Self-Storage Facility,0,0,0,8,22.3,7.6,21.2,114.4,"301,575","301,575", -   , -   ,0,0,0,835.9,6.5,0,835.9,0
2023,M10560,in compliance,1424 Ne Miami Pl,Miami,33132,"760,947","960,110",Other - Lodging/Residential,0,0,0,30.8,86.2,30.2,84.5,3291.8,"8,658,103","8,658,102", -   , -   ,0,0,0,0,0,0,29898.7,0
2023,M10563,in compliance,145 Sw 13 St,Miami,33130,"599,395","362,910",Multifamily Housing,0,0,91,36.5,102.1,35.7,99.9,1474.4,"3,878,112","3,878,112", -   , -   ,0,0,0,0,0,0,12822.2,69
2023,M10565,in compliance,1451 Brickell Av,Miami,33131,"426,786","297,688",Multifamily Housing,0,0,80,45.9,104.7,45.8,103.8,1286.4,"2,820,647","2,820,647","4,029,172","40,292",0,0,0,0,0,0,12897.1,17
2023,M10566,in compliance,1500 Ne Miami Pl,Miami,33132,"619,660","504,362",Other - Lodging/Residential,0,0,0,33.7,94.4,33.2,93.1,1895.2,"4,984,688","4,984,687", -   , -   ,0,0,0,0,0,0,13500.7,0
2023,M10567,in compliance,1500 Nw North River Dr,Miami,33125,"730,731","1,344,326",Mixed Use Property,0,0,0,40.3,103.6,39.7,101.8,5622.2,"13,781,950","13,781,950","7,198,380","71,984",0,0,0,0,0,0,4796.8,0
2023,M10574,in compliance,1600 Sw 1 Av,Miami,33129,"345,000","345,000",Multifamily Housing,0,0,100,18.5,51.7,18.2,51,710.1,"1,867,660","1,867,660", -   , -   ,0,0,0,418068.9,1211.8,0,418068.9,1
2023,M10576,in compliance,162 Ne 25 St,Miami,33137,"309,424","235,361",Other - Lodging/Residential,0,0,0,28.6,80,28.2,79.1,749.5,"1,971,419","1,971,419", -   , -   ,0,0,0,0,0,0,6376.7,0
2023,M10577,in compliance,1657 N Miami Av,Miami,33136,"100,803","102,995",Multifamily Housing,0,0,12,59.9,155.8,58.7,152.2,645.3,"1,601,739","1,601,739","709,256","7,093",0,0,0,0,0,0,2679.9,39
2023,M10579,in compliance,180 Ne 29 St,Miami,33137,"586,764","339,850",Multifamily Housing,0,0,89,39.4,105.4,38.9,103.7,1436.3,"3,644,695","3,644,695","952,439","9,524",0,0,0,0,0,0,8593.1,78
2023,M10580,in compliance,186 Se 12 Ter,Miami,33131,"146,000","271,800",Multifamily Housing,0,0,75,39.1,101.2,38.4,99.3,1107.1,"2,740,962","2,740,962","1,267,300","12,673",0,0,0,0,0,0,2865.6,97
2023,M10581,in compliance,1900 Sw 8 St,Miami,33135,"317,284","134,634",Multifamily Housing,0,0,19,89.5,250.5,88.3,247.3,1339,"3,529,836","3,529,836", -   , -   ,0,0,0,0,0,0,8971.1,73
2023,M10583,in compliance,201 Nw 37 Av,Miami,33125,"146,489","146,489",Self-Storage Facility,0,0,0,6.6,18.5,6.2,17.5,108,"283,974","283,974", -   , -   ,0,0,0,0,0,0,14.3,0
2023,M10587,in compliance,212 Ne 26 St,Miami,33137,"109,551","109,551",Self-Storage Facility,0,0,0,10.3,28.8,9.9,27.8,125.3,"330,241","330,241", -   , -   ,0,0,0,235,2.2,0,235,0
2023,M10589,in compliance,217 Nw 15 St,Miami,33136,"120,000","104,000",Residential Care Facility,0,0,0,74.5,190.4,74.2,189.3,798.5,"1,952,400","1,952,400","1,090,110","10,901",0,0,0,0,0,0,1075.6,0
2023,M10591,in compliance,221 Sw 12 St,Miami,33130,"255,000","255,000",Multifamily Housing,0,0,97,35.5,92.9,35.1,91.3,951.3,"2,374,721","2,374,720","951,039","9,510",0,0,0,0,0,0,8855,62
2023,M10593,in compliance,230 Ne 4 St,Miami,33132,"746,942","781,849",Multifamily Housing,0,0,91,31.2,80.4,30.9,79.2,2530.3,"6,232,179","6,232,178","3,128,764","31,288",0,0,0,0,0,0,21456,30
2023,M10595,in compliance,240 Nw 25 St,Miami,33127,"239,414","451,805",Multifamily Housing,0,0,97,26.1,70,26.2,69.2,1264,"3,223,259","3,223,258","777,174","7,772",0,0,0,0,0,0,10116.9,50
2023,M10596,in compliance,245 Ne 14 St,Miami,33132,"839,292","909,126",Other - Lodging/Residential,0,0,0,25,70,24.7,69.1,2533.5,"6,663,591","6,663,590", -   , -   ,0,0,0,0,0,0,29473.4,0
2023,M10597,in compliance,2500 Biscayne Blvd,Miami,33137,"378,000","632,681",Multifamily Housing,0,0,100,10.4,27.5,10.4,27.1,696.7,"1,753,865","1,753,865","590,980","5,910",0,0,0,0,0,0,6865.2,73
2023,M10598,in compliance,2500 Sw 28 Ln,Miami,33133,"146,000","146,000",Self-Storage Facility,0,0,0,10.2,28.7,10,28.1,166.7,"438,463","438,463", -   , -   ,0,0,0,17,0.1,0,17,0
2023,M10605,in compliance,2850 Tigertail Av,Miami,33133,"104,690","109,903",Office,0,0,73,61.4,171.3,59.1,165,749.5,"1,966,593","1,966,593","34,221",342,0,0,0,0,0,0,413.2,0
2023,M10607,in compliance,2900 Ne 7 Av,Miami,33137,"1,174,325","723,530",Multifamily Housing,0,0,87,41.6,98.7,41.6,97.8,2919.9,"6,672,196","6,672,195","7,320,762","73,208",0,0,0,11236.5,15.5,0,11236.5,97
2023,M10608,in compliance,2901 Ne 1 Av,Miami,33139,"426,782","447,440",Multifamily Housing,0,0,48,36.5,102.2,35.5,99.4,1816.6,"4,788,742","4,788,742", -   , -   ,0,0,0,0,0,0,12472.6,44
2023,M10610,in compliance,300 Nw 36 St,Miami,33127,"223,562","161,240",Self-Storage Facility,0,0,0,22.2,62.2,21.8,61,399.2,"1,049,879","1,049,879", -   , -   ,0,0,0,31,0.2,0,31,0
2023,M10612,in compliance,3000 Ne 2 Av,Miami,33137,"1,235,348","950,456",Multifamily Housing,0,0,89,38.3,102.8,38.2,101.9,3917.4,"9,961,274","9,961,273","2,449,530","24,495",0,0,0,0,0,0,34908.3,48
2023,M10613,in compliance,3101 Ne 1 Av,Miami,33137,"779,491","502,871",Multifamily Housing,0,0,29,57.2,144.8,56.6,142.2,2947.1,"7,139,699","7,139,698","4,379,874","43,799",0,0,0,0,0,0,14115.1,0
2023,M10621,in compliance,340 W Flagler St,Miami,33131,"539,000","493,634",Other - Lodging/Residential,0,0,0,25.4,71.2,24.8,69.4,1398.1,"3,677,264","3,677,264", -   , -   ,0,0,0,0,0,0,12656.2,0
2023,M10622,in compliance,3400 Biscayne Blvd,Miami,33137,"110,576","110,576",Hotel,0,0,90,58.6,132.7,58.6,132.7,606.3,"1,318,069","1,318,069","1,979,400","19,794",0,0,0,4542,41.1,0,4542,0
2023,M10626,in compliance,3460 Sw 8 St,Miami,33135,"119,800","119,800",Self-Storage Facility,0,0,0,15.5,43.5,15.1,42.3,207.5,"545,743","545,743", -   , -   ,0,0,0,141,1.2,0,141,0
2023,M10633,in compliance,3880 Sw Bird Rd,Miami,33146,"470,000","470,019",Multifamily Housing,0,0,99,23.3,62.3,23.1,61.6,1174.7,"2,980,651","2,980,651","779,904","7,799",0,0,0,0,0,0,19992.5,4
2023,M10635,in compliance,3930 Nw 7 St,Miami,33126,"193,273","199,410",Multifamily Housing,0,0,100,20,55.9,19.8,55.4,443.7,"1,167,112","1,167,112", -   , -   ,0,0,0,0,0,0,4602.2,49
2023,M10639,in compliance,455 Ne 24 St,Miami,33137,"272,052","479,657",Multifamily Housing,0,0,100,24.3,67.9,23.9,67,1297,"3,411,368","3,411,368", -   , -   ,0,0,0,0,0,0,9419.1,0
2023,M10643,in compliance,51 Nw 26 St,Miami,33127,"240,174","195,723",Multifamily Housing,0,0,84,37.2,100.5,37.4,100.1,785.6,"2,012,670","2,012,670","416,126","4,161",0,0,0,0,0,0,5502.6,64
2023,M10644,in compliance,55 Ne 5 St,Miami,33132,"1,422,969","1,504,491",Other - Lodging/Residential,0,0,0,28.1,78.8,28,78.4,4717.1,"12,407,110","12,407,104", -   , -   ,0,0,0,0,0,0,26788.9,0
2023,M10650,in compliance,58 Ne 14 St,Miami,33132,"1,016,745","683,732",Other - Lodging/Residential,0,0,0,27.7,77.6,26.9,75.3,2111.5,"5,553,725","5,553,724", -   , -   ,0,0,0,0,0,0,29476.7,0
2023,M10655,in compliance,601 Ne 27 St,Miami,33137,"235,170","235,170",Multifamily Housing,0,0,100,15.1,42.4,14.6,40.9,396.8,"1,043,659","1,043,659", -   , -   ,0,0,0,3159.9,13.4,482.5,3642.4,68
2023,M10659,in compliance,650 Ne 2 Av,Miami,33132,"1,006,909","1,006,909",Multifamily Housing,0,0,98,25.8,66.3,25,64.2,2688.9,"6,616,069","6,616,068","3,373,825","33,738",0,0,0,0,0,0,21492.5,71
2023,M10663,in compliance,701 S Miami Av,Miami,33130,"1,361,679","761,320",Other - Mall,0,0,0,74.6,208.7,73.1,204.8,6324.4,"16,634,460","16,634,456", -   , -   ,0,0,0,0,0,0,44723.8,0
2023,M10664,in compliance,702 Sw 1 St,Miami,33130,"314,400","290,132",Multifamily Housing,0,0,76,32.5,91.1,32.5,91.1,1049.2,"2,765,947","2,765,947", -   , -   ,0,0,0,0,0,0,748.4,100
2023,M10668,in compliance,7865 Ne 10 Av,Miami,33138,"124,957","124,957",Self-Storage Facility,0,0,0,11.5,32.2,11.2,31.3,159.9,"420,667","420,667", -   , -   ,0,0,0,605,4.8,0,605,0
2023,M10669,in compliance,7965 Ne Bayshore Ct,Miami,33138,"791,168","431,977",Multifamily Housing,0,0,100,23.6,66,23.2,65,1134.4,"2,983,807","2,983,807", -   , -   ,0,0,0,0,0,0,20539.5,39
2023,M10670,in compliance,801 S Miami Av,Miami,33131,"917,700","681,635",Multifamily Housing,0,0,95,39,97,38.7,96.1,2678.2,"6,398,353","6,398,352","4,726,083","47,261",0,0,0,0,0,0,0,0
2023,M10673,in compliance,851 Ne 1 Av,Miami,33132,"963,705","1,188,714",Multifamily Housing,0,0,72,50.4,127.7,49.4,124.6,6132.7,"14,893,470","14,893,464","9,093,500","90,935",0,0,0,0,0,0,28600.4,94
2023,M10675,in compliance,888 Ne 2 Av,Miami,33132,"567,227","51,025",Parking,0,0,0,48.8,136.7,48.4,135.4,277.7,"730,311","730,310", -   , -   ,0,0,0,0,0,0,108.8,0
2023,M10690,in compliance,2 S Biscayne Blvd,Miami,33130,"982,578","774,873",Office,"2022, 2021, 2020, 2019, 2018, 2017, 2016, 2015, 2014, 2013, 2012, 2011, 2010, 2009, 2008, 2007",2022,75,38.9,108.9,38,106.5,3359.2,"8,835,502","8,835,501", -   , -   ,0,0,0,0,0,0,9163.4,0
2023,M10691,in compliance,700 Nw 1 Ave,Miami,33130,"215,207","217,186",Office,0,0,64,55.8,156.3,54.7,153.2,1350.6,"3,552,400","3,552,400", -   , -   ,0,0,0,2565.7,11.8,0,2565.7,0
2023,M10692,in compliance,919 Nw 2Nd Ave,Miami,33130,"120,000","120,000",Multifamily Housing,0,0,88,36.5,102.1,35.9,100.6,487.6,"1,282,460","1,282,460", -   , -   ,0,0,0,0,0,0,10958.3,4
2023,M10715,in compliance,1633 N Bayshore Dr,Miami,33130,"602,907","602,907",Hotel,0,0,90,48.4,125.3,47.5,122.8,3045.3,"7,515,437","7,515,436","3,539,600","35,396",0,0,0,22341,37.1,0,22341,0
2023,M10720,in compliance,155 Ne 78Th St,Miami,33130,"203,531","132,426",Multifamily Housing,0,0,66,47.8,133.7,47.3,132.5,704.8,"1,853,793","1,853,793", -   , -   ,0,0,0,0,0,0,10048.6,31
2023,M10721,in compliance,801 Brickell Ave,Miami,33130,"411,613","440,343",Financial Office,"2022, 2019, 2018, 2016, 2015, 2014, 2013, 2012, 2011, 2010, 2009, 2008, 2007",2022,85,47,131.5,45.9,128.7,2305.1,"6,062,788","6,062,787", -   , -   ,0,0,0,15134.8,34.4,0,15134.8,0
2023,M10722,in compliance,125 Ne 32Nd St,Miami,33130,"392,040","392,040",Multifamily Housing,0,0,30,61,154.7,59.9,150.9,2449.4,"5,955,504","5,955,503","3,582,660","35,827",0,0,0,0,0,0,19524.3,34
2023,M10724,in compliance,1100 Biscayne Blvd,Miami,33130,"401,445","401,445",Hotel,0,0,98,40.7,90.1,40.9,89.7,1498.3,"3,182,186","3,182,186","5,482,616","54,826",0,0,0,0,0,0,3580.2,0
2023,M10725,in compliance,169 E Flagler St.,Miami,33130,"347,565","266,148",Office,0,0,67,52.9,144.8,51.7,141.4,1535.5,"3,978,082","3,978,082","497,892","4,979",0,0,0,9844.4,37,0,9844.4,0
